run_id,instance_id,family,source,instance_seed,search_seed,repetition,algorithm,mode,budget_ms,status,final_state,budget_exhausted,reheats,violations,termination,initialization,full_feasible,route_constraints_valid,orders_total,orders_fully_served,orders_missing,packages_total,packages_covered_on_time,coverage_orders_pct,orders_provably_unservable,unruled_out_orders_fully_served,coverage_unruled_out_pct,full_unruled_out_feasible,cost_complete_feasible,cost_raw_do_not_rank_incomplete,distance_km,routes,elapsed_ms,time_first_complete_ms,initialization_ms,final_audit_ms,iterations,neighbor_attempts,invalid_neighbors,accepted_neighbors,plan_evaluations,route_schedules,path_queries,heap_sampled_peak_mib,input_sha256,plan_sha256,config_sha256,algorithm_version,mandatory_meals_valid,scheduled_route_meals,detail
"READY05-r1-b1500-GRASP","READY05","BLOCKED","SYNTHETIC","6105","42","1","GRASP","TIME","1500","OK","COMPLETE","true","0","0","TIME_LIMIT","INTEGRATED","true","true","5","5","0","29","29","100.000000","0","5","100.000000","true","1104.000000","1104.000000","184.000000","2","1500.122057","123.670071","","8.746154","56","12745","1745","107","25206","491","20117","105.499893","7f1147224d99487efbd214271cf72a5224966051940305a1f6b07145317bc99c","76c5f5e1000230348c6fbefe5afa2afbb76bc5ad73d22fe8561b8d6cbbcfeb0a","e6c947e1389f64da1f0dde8bc52eac8e799c5d8996a48d7b62475fd747587972","GRASP-shared-flex1; load-repair; full-demand; mandatory flexible meals","true","3","flex1: common full-demand evaluator; validated anytime incumbent"
"READY05-r1-b1500-SA","READY05","BLOCKED","SYNTHETIC","6105","42","1","SA","TIME","1500","OK","COMPLETE","true","0","0","TIME_LIMIT","COMPLETE","true","true","5","5","0","29","29","100.000000","0","5","100.000000","true","1416.000000","1416.000000","204.000000","3","1500.105363","178.552068","236.390664","7.423827","945","945","238","593","1133","1081","30552","122.726952","7f1147224d99487efbd214271cf72a5224966051940305a1f6b07145317bc99c","aab9efa0ebbeb6891c2d9305e20de457600643d939206bdd68e698111cad84f8","e6c947e1389f64da1f0dde8bc52eac8e799c5d8996a48d7b62475fd747587972","SA-shared-flex1; load-repair; full-demand; mandatory flexible meals","true","3","flex1: feasible insertion seed; repaired moves; lexicographic coverage; TIME reheating; same complete-demand evaluator"
"READY10-r1-b1500-SA","READY10","BLOCKED","SYNTHETIC","6110","42","1","SA","TIME","1500","OK","COMPLETE","true","0","0","TIME_LIMIT","COMPLETE","true","true","10","10","0","57","57","100.000000","0","10","100.000000","true","2268.000000","2268.000000","450.000000","3","1500.172692","260.522017","294.707777","9.651678","868","868","243","530","1325","1165","29878","120.028336","2d04d23cc8a5e411f4e66d355a56ff4977c5013260bd7d0b61ed3c3d0d11b524","5bcce897cde51acb6a3a5fd085798c876c747d39a05d0be167e0d4801553841e","e6c947e1389f64da1f0dde8bc52eac8e799c5d8996a48d7b62475fd747587972","SA-shared-flex1; load-repair; full-demand; mandatory flexible meals","true","7","flex1: feasible insertion seed; repaired moves; lexicographic coverage; TIME reheating; same complete-demand evaluator"
"READY10-r1-b1500-GRASP","READY10","BLOCKED","SYNTHETIC","6110","42","1","GRASP","TIME","1500","OK","COMPLETE","true","0","0","TIME_LIMIT","INTEGRATED","true","true","10","10","0","57","57","100.000000","0","10","100.000000","true","2172.000000","2172.000000","388.000000","4","1503.229771","303.698155","","11.591144","4","1983","605","6","4025","811","33746","109.659607","2d04d23cc8a5e411f4e66d355a56ff4977c5013260bd7d0b61ed3c3d0d11b524","35fde91425a433591c98cc82d406b182fb11e994301059d48d0ee1cd35a6437c","e6c947e1389f64da1f0dde8bc52eac8e799c5d8996a48d7b62475fd747587972","GRASP-shared-flex1; load-repair; full-demand; mandatory flexible meals","true","5","flex1: common full-demand evaluator; validated anytime incumbent"
"READY15-r1-b1500-GRASP","READY15","BLOCKED","SYNTHETIC","6115","42","1","GRASP","TIME","1500","OK","COMPLETE","true","0","0","TIME_LIMIT","INTEGRATED","true","true","15","15","0","56","56","100.000000","0","15","100.000000","true","3114.000000","3114.000000","694.000000","7","1500.140746","778.161405","","34.573664","1","553","169","2","1323","480","17916","67.470551","f581e9fb98415cf87985c31c8a6d2d6a9c72d16ac294ff7e7f8a0289a799e321","e27000ec3027d9ca2ca6e7b6249dc7b405476a6d24833edce92b47fefb163a82","e6c947e1389f64da1f0dde8bc52eac8e799c5d8996a48d7b62475fd747587972","GRASP-shared-flex1; load-repair; full-demand; mandatory flexible meals","true","11","flex1: common full-demand evaluator; validated anytime incumbent"
"READY15-r1-b1500-SA","READY15","BLOCKED","SYNTHETIC","6115","42","1","SA","TIME","1500","OK","COMPLETE","true","0","0","TIME_LIMIT","COMPLETE","true","true","15","15","0","56","56","100.000000","0","15","100.000000","true","2658.000000","2658.000000","588.000000","4","1500.131414","545.919137","628.269252","14.360080","381","381","135","204","1122","763","28022","117.536476","f581e9fb98415cf87985c31c8a6d2d6a9c72d16ac294ff7e7f8a0289a799e321","2ed3906434adebb358943405b69750fe1c32222e060da16d79432534316e0b0e","e6c947e1389f64da1f0dde8bc52eac8e799c5d8996a48d7b62475fd747587972","SA-shared-flex1; load-repair; full-demand; mandatory flexible meals","true","10","flex1: feasible insertion seed; repaired moves; lexicographic coverage; TIME reheating; same complete-demand evaluator"
"READY20-r1-b1500-SA","READY20","BLOCKED","SYNTHETIC","6120","42","1","SA","TIME","1500","OK","COMPLETE","true","0","0","TIME_LIMIT","COMPLETE","true","true","20","20","0","99","99","100.000000","0","20","100.000000","true","3873.000000","3873.000000","801.000000","5","1500.152889","1232.631053","1347.466555","31.162083","24","24","12","9","1093","473","19629","89.197174","41e7872fcba8b763ba87abbe73bddf7fa2aa676632e1ca1c210a8ca763ea104b","bf082e494ae090e5475e0801f0812625b239a7786b61d228a20aefd28f863bd6","e6c947e1389f64da1f0dde8bc52eac8e799c5d8996a48d7b62475fd747587972","SA-shared-flex1; load-repair; full-demand; mandatory flexible meals","true","13","flex1: feasible insertion seed; repaired moves; lexicographic coverage; TIME reheating; same complete-demand evaluator"
"READY20-r1-b1500-GRASP","READY20","BLOCKED","SYNTHETIC","6120","42","1","GRASP","TIME","1500","OK","COMPLETE","true","0","0","TIME_LIMIT","INTEGRATED","true","true","20","20","0","99","99","100.000000","0","20","100.000000","true","4416.000000","4416.000000","908.000000","10","1500.132558","876.905957","","18.852703","1","746","339","4","1977","879","32497","127.611427","41e7872fcba8b763ba87abbe73bddf7fa2aa676632e1ca1c210a8ca763ea104b","312e73eb87f6681a415a2edb932e4ab9592e5a764e8018afb408034dec8ac366","e6c947e1389f64da1f0dde8bc52eac8e799c5d8996a48d7b62475fd747587972","GRASP-shared-flex1; load-repair; full-demand; mandatory flexible meals","true","16","flex1: common full-demand evaluator; validated anytime incumbent"
"READYREAL-r1-b1500-GRASP","READYREAL","REAL","REAL","0","42","1","GRASP","TIME","1500","PARTIAL","INCOMPLETE","true","0","20","TIME_LIMIT","INTEGRATED","false","true","41","21","20","219","101","51.219512","3","21","55.263158","false","","6826.000000","1154.000000","13","1500.114811","","","29.179760","1","0","0","0","1546","822","7737","83.774200","5b373d560213bafa15be63117da92e8d092d9ec9c89535e38627eaae13f63ac3","669c041b9512b511900ead21c9cde39570a4cd54457edc8cf11595c4cdced967","e6c947e1389f64da1f0dde8bc52eac8e799c5d8996a48d7b62475fd747587972","GRASP-shared-flex1; load-repair; full-demand; mandatory flexible meals","true","21","flex1: common full-demand evaluator; validated anytime incumbent"
"READYREAL-r1-b1500-SA","READYREAL","REAL","REAL","0","42","1","SA","TIME","1500","PARTIAL","INCOMPLETE","true","0","19","TIME_LIMIT","PARTIAL","false","true","41","22","19","219","105","53.658537","3","22","57.894737","false","","5052.000000","932.000000","6","1500.122878","","1499.733708","21.646849","0","0","0","0","1405","597","10373","85.303223","5b373d560213bafa15be63117da92e8d092d9ec9c89535e38627eaae13f63ac3","e3c7cce88f1eafb6fe13746fef3879444f3be630b6a6293e4dbb7861a023920b","e6c947e1389f64da1f0dde8bc52eac8e799c5d8996a48d7b62475fd747587972","SA-shared-flex1; load-repair; full-demand; mandatory flexible meals","true","15","flex1: feasible insertion seed; repaired moves; lexicographic coverage; TIME reheating; same complete-demand evaluator"
