run_id,instance_id,family,source,instance_seed,search_seed,repetition,algorithm,mode,budget_ms,status,termination,initialization,full_feasible,route_constraints_valid,orders_total,orders_fully_served,orders_missing,packages_total,packages_covered_on_time,coverage_orders_pct,orders_provably_unservable,servable_orders_fully_served,coverage_servable_pct,full_servable_feasible,cost_complete_feasible,cost_raw_do_not_rank_incomplete,distance_km,routes,elapsed_ms,time_first_complete_ms,initialization_ms,final_audit_ms,iterations,neighbor_attempts,invalid_neighbors,accepted_neighbors,plan_evaluations,route_schedules,path_queries,heap_sampled_peak_mib,input_sha256,plan_sha256,config_sha256,algorithm_version,detail
"SMOKE01-r1-b1500-GRASP","SMOKE01","NORMAL","SYNTHETIC","1101","42","1","GRASP","TIME","1500","OK","TIME_LIMIT","INTEGRATED","true","true","3","3","0","17","17","100.000000","0","3","100.000000","true","624.000000","624.000000","118.000000","2","1500.283300","14.581200","","10.091800","4012","0","0","0","8022","16113","810465","58.410614","c21de30d1f99963c2923671f232106e1fb88d499d4bd7dbb304085105caef503","14de31960080c66fa14ca2a25daf79677eb5c86ed278ff46fee76e426d9d4747","d0e67902f1d496949b27a065eff3c5bf304ce09653e40d62385f97e91d207d24","GRASP-v2 2026-09-23","Native unserved orders: 0; full-demand feasibility is assessed externally"
"SMOKE01-r1-b1500-SA","SMOKE01","NORMAL","SYNTHETIC","1101","42","1","SA","TIME","1500","OK","RETURNED","BUILT","true","true","3","3","0","17","17","100.000000","0","3","100.000000","true","1296.000000","1296.000000","162.000000","3","698.054900","3.597100","4.044600","9.661400","6750","6750","1633","1156","4011","64699","195395","49.517715","c21de30d1f99963c2923671f232106e1fb88d499d4bd7dbb304085105caef503","9897e8a14f6a5575973b381279debb28f5e3ff0cd3b83d5d4fb70d42b429ede7","d0e67902f1d496949b27a065eff3c5bf304ce09653e40d62385f97e91d207d24","SA-Operational (algoritmo sin cambios; dominio compartido 2026-09-23)","Original SA constructor + original neighborhoods; shared domain and evaluator"
"SMOKE01-r2-b1500-SA","SMOKE01","NORMAL","SYNTHETIC","1101","73","2","SA","TIME","1500","OK","RETURNED","BUILT","true","true","3","3","0","17","17","100.000000","0","3","100.000000","true","1136.000000","1136.000000","162.000000","3","648.024100","4.844500","5.372200","8.735100","6750","6750","1577","1116","3946","63692","192869","51.492096","c21de30d1f99963c2923671f232106e1fb88d499d4bd7dbb304085105caef503","27ad064cad9f72d29b04cf376dd7f23ccf82518edbf3e9b967657d84292c9f56","d0e67902f1d496949b27a065eff3c5bf304ce09653e40d62385f97e91d207d24","SA-Operational (algoritmo sin cambios; dominio compartido 2026-09-23)","Original SA constructor + original neighborhoods; shared domain and evaluator"
"SMOKE01-r2-b1500-GRASP","SMOKE01","NORMAL","SYNTHETIC","1101","73","2","GRASP","TIME","1500","OK","TIME_LIMIT","INTEGRATED","true","true","3","3","0","17","17","100.000000","0","3","100.000000","true","624.000000","624.000000","118.000000","2","1500.227200","14.147100","","9.817700","3118","0","0","0","6234","12537","629860","56.412598","c21de30d1f99963c2923671f232106e1fb88d499d4bd7dbb304085105caef503","59e632930916441b055cab15637e811b6ad26ee70fc224bfb213f665ab9a2183","d0e67902f1d496949b27a065eff3c5bf304ce09653e40d62385f97e91d207d24","GRASP-v2 2026-09-23","Native unserved orders: 0; full-demand feasibility is assessed externally"
"SMOKE02-r1-b1500-SA","SMOKE02","BLOCKED","SYNTHETIC","1102","42","1","SA","TIME","1500","OK","RETURNED","BUILT","true","true","4","4","0","15","15","100.000000","0","4","100.000000","true","1320.000000","1320.000000","165.000000","4","641.391200","17.958700","18.166700","11.495200","6750","6750","1316","1225","4020","56886","171705","52.761772","13c9d1e2147769069605a2e9601b5f550c4c4ef7b64ac7f40014f51373455c0c","a6e9d77b3582cd315c3461ea3deb0d75678f6f4f92594bb8d6ac72cbf0201381","d0e67902f1d496949b27a065eff3c5bf304ce09653e40d62385f97e91d207d24","SA-Operational (algoritmo sin cambios; dominio compartido 2026-09-23)","Original SA constructor + original neighborhoods; shared domain and evaluator"
"SMOKE02-r1-b1500-GRASP","SMOKE02","BLOCKED","SYNTHETIC","1102","42","1","GRASP","TIME","1500","OK","TIME_LIMIT","INTEGRATED","true","true","4","4","0","15","15","100.000000","0","4","100.000000","true","864.000000","864.000000","150.000000","2","1500.347000","36.937900","","27.498500","3326","0","0","0","6651","24085","1027948","61.154350","13c9d1e2147769069605a2e9601b5f550c4c4ef7b64ac7f40014f51373455c0c","afd377c4fc63ad065836d2b9d2755fae32ca32f66ad09a34140812e86ca516a5","d0e67902f1d496949b27a065eff3c5bf304ce09653e40d62385f97e91d207d24","GRASP-v2 2026-09-23","Native unserved orders: 0; full-demand feasibility is assessed externally"
"SMOKE02-r2-b1500-GRASP","SMOKE02","BLOCKED","SYNTHETIC","1102","73","2","GRASP","TIME","1500","OK","TIME_LIMIT","INTEGRATED","true","true","4","4","0","15","15","100.000000","0","4","100.000000","true","864.000000","864.000000","150.000000","2","1500.287000","49.413400","","16.616500","2334","0","0","0","4666","17072","721908","47.705292","13c9d1e2147769069605a2e9601b5f550c4c4ef7b64ac7f40014f51373455c0c","bda353b4010d60cd544d1ef321513d7d15396d76ee8568692bec2bb9a0965282","d0e67902f1d496949b27a065eff3c5bf304ce09653e40d62385f97e91d207d24","GRASP-v2 2026-09-23","Native unserved orders: 0; full-demand feasibility is assessed externally"
"SMOKE02-r2-b1500-SA","SMOKE02","BLOCKED","SYNTHETIC","1102","73","2","SA","TIME","1500","OK","RETURNED","BUILT","true","true","4","4","0","15","15","100.000000","0","4","100.000000","true","1352.000000","1352.000000","169.000000","4","914.656500","20.535000","20.863800","14.985400","6750","6750","1274","1180","3900","56140","169773","43.728111","13c9d1e2147769069605a2e9601b5f550c4c4ef7b64ac7f40014f51373455c0c","21040791ba95fca7057e8db384ffca65b4ef8ac839997648bd2db3e618fc14ee","d0e67902f1d496949b27a065eff3c5bf304ce09653e40d62385f97e91d207d24","SA-Operational (algoritmo sin cambios; dominio compartido 2026-09-23)","Original SA constructor + original neighborhoods; shared domain and evaluator"
"SMOKE03-r1-b1500-GRASP","SMOKE03","SPLIT","SYNTHETIC","1103","42","1","GRASP","TIME","1500","OK","TIME_LIMIT","INTEGRATED","true","true","2","2","0","30","30","100.000000","0","2","100.000000","true","896.000000","896.000000","118.000000","2","1500.365100","15.567700","","10.663000","2721","0","0","0","5440","16093","476977","62.920242","bc3fed284278e37ae27105d714bb5f685b2c7bc9b4630754882b8d09ba6ae2cf","02be68f75c5af8819aa71a8b6878ebdec5b1a125c00c92ef69228399c87c5974","d0e67902f1d496949b27a065eff3c5bf304ce09653e40d62385f97e91d207d24","GRASP-v2 2026-09-23","Native unserved orders: 0; full-demand feasibility is assessed externally"
"SMOKE03-r1-b1500-SA","SMOKE03","SPLIT","SYNTHETIC","1103","42","1","SA","TIME","1500","OK","RETURNED","BUILT","true","true","2","2","0","30","30","100.000000","0","2","100.000000","true","1112.000000","1112.000000","214.000000","7","1425.789700","7.020200","8.010100","16.790700","6750","6750","1079","2386","4827","89361","312210","58.578629","bc3fed284278e37ae27105d714bb5f685b2c7bc9b4630754882b8d09ba6ae2cf","d45ff034ca0c36d265ca517179ce863b0526177a62b35df2dca1f3f383a9542a","d0e67902f1d496949b27a065eff3c5bf304ce09653e40d62385f97e91d207d24","SA-Operational (algoritmo sin cambios; dominio compartido 2026-09-23)","Original SA constructor + original neighborhoods; shared domain and evaluator"
"SMOKE03-r2-b1500-SA","SMOKE03","SPLIT","SYNTHETIC","1103","73","2","SA","TIME","1500","OK","RETURNED","BUILT","true","true","2","2","0","30","30","100.000000","0","2","100.000000","true","1464.000000","1464.000000","240.000000","5","1451.277800","5.489900","6.029800","14.894000","6750","6750","1050","2261","4781","90555","317573","56.474892","bc3fed284278e37ae27105d714bb5f685b2c7bc9b4630754882b8d09ba6ae2cf","92170cafbcfde13af04234ce04fb8a765f90448b10f9c37e6c643b924004ae23","d0e67902f1d496949b27a065eff3c5bf304ce09653e40d62385f97e91d207d24","SA-Operational (algoritmo sin cambios; dominio compartido 2026-09-23)","Original SA constructor + original neighborhoods; shared domain and evaluator"
"SMOKE03-r2-b1500-GRASP","SMOKE03","SPLIT","SYNTHETIC","1103","73","2","GRASP","TIME","1500","OK","TIME_LIMIT","INTEGRATED","true","true","2","2","0","30","30","100.000000","0","2","100.000000","true","896.000000","896.000000","118.000000","2","1500.330300","16.566500","","12.949500","2257","0","0","0","4514","13366","395752","53.930809","bc3fed284278e37ae27105d714bb5f685b2c7bc9b4630754882b8d09ba6ae2cf","79c97ebb169795eaf55484b6f1fc84d09979317f58517a36ebcb7b002686180d","d0e67902f1d496949b27a065eff3c5bf304ce09653e40d62385f97e91d207d24","GRASP-v2 2026-09-23","Native unserved orders: 0; full-demand feasibility is assessed externally"
"SMOKE04-r1-b1500-SA","SMOKE04","REAL","REAL","0","42","1","SA","TIME","1500","OK","RETURNED","BUILT","true","true","7","7","0","39","39","100.000000","0","7","100.000000","true","5267.000000","5267.000000","1177.000000","18","1469.505500","34.296000","34.590500","28.746900","6750","6750","2227","1664","5727","117518","387048","58.134422","3266936ca9e09a022fa9c2e44fba32aa4e58aebd7d2c4a480f4bfbf31ccee775","aad25a4de039be1ef660e102b3c3c76a1966f3acd22f0d7e3f381549cfd76992","d0e67902f1d496949b27a065eff3c5bf304ce09653e40d62385f97e91d207d24","SA-Operational (algoritmo sin cambios; dominio compartido 2026-09-23)","Original SA constructor + original neighborhoods; shared domain and evaluator"
"SMOKE04-r1-b1500-GRASP","SMOKE04","REAL","REAL","0","42","1","GRASP","TIME","1500","OK","TIME_LIMIT","INTEGRATED","true","true","7","7","0","39","39","100.000000","0","7","100.000000","true","2456.000000","2456.000000","368.000000","2","1500.301000","71.130400","","23.422800","1193","0","0","0","2384","10657","586346","65.365761","3266936ca9e09a022fa9c2e44fba32aa4e58aebd7d2c4a480f4bfbf31ccee775","b25a025ffc3e1761baa4962a407fd895e6ca5eef22c8ecab1cf1bbf1e9114892","d0e67902f1d496949b27a065eff3c5bf304ce09653e40d62385f97e91d207d24","GRASP-v2 2026-09-23","Native unserved orders: 0; full-demand feasibility is assessed externally"
"SMOKE04-r2-b1500-GRASP","SMOKE04","REAL","REAL","0","73","2","GRASP","TIME","1500","OK","TIME_LIMIT","INTEGRATED","true","true","7","7","0","39","39","100.000000","0","7","100.000000","true","2456.000000","2456.000000","368.000000","2","1500.818900","67.667600","","35.590700","782","0","0","0","1563","7786","387965","50.364044","3266936ca9e09a022fa9c2e44fba32aa4e58aebd7d2c4a480f4bfbf31ccee775","aefa243e1502144626a6368349655e520a52fb548e10d9d88e875fb1bfa666d1","d0e67902f1d496949b27a065eff3c5bf304ce09653e40d62385f97e91d207d24","GRASP-v2 2026-09-23","Native unserved orders: 0; full-demand feasibility is assessed externally"
"SMOKE04-r2-b1500-SA","SMOKE04","REAL","REAL","0","73","2","SA","TIME","1500","OK","TIME_LIMIT","BUILT","true","true","7","7","0","39","39","100.000000","0","7","100.000000","true","4638.000000","4638.000000","632.000000","7","1500.575100","51.867500","52.324400","35.512800","5694","5694","1436","1458","4164","119079","380549","59.669754","3266936ca9e09a022fa9c2e44fba32aa4e58aebd7d2c4a480f4bfbf31ccee775","aa0f2c105c9aad3a49163a93fe0a2ee10b13324b629bec6acc14b2e4fd4927b8","d0e67902f1d496949b27a065eff3c5bf304ce09653e40d62385f97e91d207d24","SA-Operational (algoritmo sin cambios; dominio compartido 2026-09-23)","Original SA constructor + original neighborhoods; shared domain and evaluator"
