instance_id,family,search_seed,budget_ms,mode,orders_provably_unservable,grasp_servable_ok,sa_servable_ok,log_cost_ratio_on_joint_servable_success,grasp_ok,sa_ok,joint_success,grasp_cost,sa_cost,cost_difference_grasp_minus_sa,log_cost_ratio_grasp_over_sa,grasp_time_first_complete_ms,sa_time_first_complete_ms,input_sha256
S01,NORMAL,42,5000,TIME,0,1,1,-0.9624231910476555,1,1,1,3660.0,9582.0,-5922.0,-0.9624231910476555,77.9915,18.189,bc24b8903dec190192a5ff953f01a37dedcea274db45f7a4004b8c370db9798a
S01,NORMAL,73,5000,TIME,0,1,1,-0.9689824969813458,1,1,1,3630.0,9566.0,-5936.0,-0.9689824969813458,96.5481,18.8955,bc24b8903dec190192a5ff953f01a37dedcea274db45f7a4004b8c370db9798a
S01,NORMAL,101,5000,TIME,0,1,1,-0.8938178760220964,1,1,1,3672.0,8976.0,-5304.0,-0.8938178760220964,174.6079,20.3825,bc24b8903dec190192a5ff953f01a37dedcea274db45f7a4004b8c370db9798a
S01,NORMAL,42,20000,TIME,0,1,1,-1.0059811653867854,1,1,1,3504.0,9582.0,-6078.0,-1.0059811653867854,84.0928,22.0681,bc24b8903dec190192a5ff953f01a37dedcea274db45f7a4004b8c370db9798a
S01,NORMAL,73,20000,TIME,0,1,1,-0.9856495494665574,1,1,1,3570.0,9566.0,-5996.0,-0.9856495494665574,75.877,17.5216,bc24b8903dec190192a5ff953f01a37dedcea274db45f7a4004b8c370db9798a
S01,NORMAL,101,20000,TIME,0,1,1,-0.9186330451418205,1,1,1,3582.0,8976.0,-5394.0,-0.9186330451418205,135.3756,21.878,bc24b8903dec190192a5ff953f01a37dedcea274db45f7a4004b8c370db9798a
S02,NORMAL,42,5000,TIME,0,1,1,-0.8265057327079407,1,1,1,7956.0,18182.0,-10226.0,-0.8265057327079407,138.3416,34.8795,c8648d15b0761dcb49e82c36ea7d230c34e59968f7c01a599434582540bbff47
S02,NORMAL,73,5000,TIME,0,1,1,-0.8163431390820061,1,1,1,7902.0,17876.0,-9974.0,-0.8163431390820061,141.3365,26.4334,c8648d15b0761dcb49e82c36ea7d230c34e59968f7c01a599434582540bbff47
S02,NORMAL,101,5000,TIME,0,1,1,-0.8674399598074956,1,1,1,7920.0,18856.0,-10936.0,-0.8674399598074956,125.3402,25.3085,c8648d15b0761dcb49e82c36ea7d230c34e59968f7c01a599434582540bbff47
S02,NORMAL,42,20000,TIME,0,1,1,-0.8417035936173721,1,1,1,7836.0,18182.0,-10346.0,-0.8417035936173721,166.5137,27.0145,c8648d15b0761dcb49e82c36ea7d230c34e59968f7c01a599434582540bbff47
S02,NORMAL,73,20000,TIME,0,1,1,-0.8163431390820061,1,1,1,7902.0,17876.0,-9974.0,-0.8163431390820061,179.6785,43.3601,c8648d15b0761dcb49e82c36ea7d230c34e59968f7c01a599434582540bbff47
S02,NORMAL,101,20000,TIME,0,1,1,-0.8674399598074956,1,1,1,7920.0,18856.0,-10936.0,-0.8674399598074956,164.7808,29.3844,c8648d15b0761dcb49e82c36ea7d230c34e59968f7c01a599434582540bbff47
S03,NORMAL,42,5000,TIME,0,1,0,,1,0,0,12804.0,,,,274.4822,,af4d5c116ddcf8f3c35d0390e84adb96e38f51c19f8d09222d5777710e99d347
S03,NORMAL,73,5000,TIME,0,1,0,,1,0,0,13234.0,,,,298.3955,,af4d5c116ddcf8f3c35d0390e84adb96e38f51c19f8d09222d5777710e99d347
S03,NORMAL,101,5000,TIME,0,1,0,,1,0,0,12936.0,,,,256.884,,af4d5c116ddcf8f3c35d0390e84adb96e38f51c19f8d09222d5777710e99d347
S03,NORMAL,42,20000,TIME,0,1,0,,1,0,0,12664.0,,,,259.3131,,af4d5c116ddcf8f3c35d0390e84adb96e38f51c19f8d09222d5777710e99d347
S03,NORMAL,73,20000,TIME,0,1,0,,1,0,0,12650.0,,,,316.0705,,af4d5c116ddcf8f3c35d0390e84adb96e38f51c19f8d09222d5777710e99d347
S03,NORMAL,101,20000,TIME,0,1,0,,1,0,0,12740.0,,,,247.2424,,af4d5c116ddcf8f3c35d0390e84adb96e38f51c19f8d09222d5777710e99d347
S04,NORMAL,42,5000,TIME,0,1,0,,1,0,0,19810.0,,,,368.2636,,93b6b346647f304344bac7aa89bd8b21b1c353ce812d47cfd719d2f51fefbc50
S04,NORMAL,73,5000,TIME,0,1,0,,1,0,0,19734.0,,,,389.6115,,93b6b346647f304344bac7aa89bd8b21b1c353ce812d47cfd719d2f51fefbc50
S04,NORMAL,101,5000,TIME,0,1,0,,1,0,0,20214.0,,,,405.8407,,93b6b346647f304344bac7aa89bd8b21b1c353ce812d47cfd719d2f51fefbc50
S04,NORMAL,42,20000,TIME,0,1,0,,1,0,0,19182.0,,,,380.7484,,93b6b346647f304344bac7aa89bd8b21b1c353ce812d47cfd719d2f51fefbc50
S04,NORMAL,73,20000,TIME,0,1,0,,1,0,0,19672.0,,,,383.1986,,93b6b346647f304344bac7aa89bd8b21b1c353ce812d47cfd719d2f51fefbc50
S04,NORMAL,101,20000,TIME,0,1,0,,1,0,0,19196.0,,,,411.6855,,93b6b346647f304344bac7aa89bd8b21b1c353ce812d47cfd719d2f51fefbc50
S05,REAL,42,5000,TIME,0,1,1,-0.4657242996263613,1,1,1,2576.0,4104.0,-1528.0,-0.4657242996263613,77.4794,34.0933,c764b4988baf9cd56c72529d9c438cde2da16b0733c7bcdffa2280178c694c52
S05,REAL,73,5000,TIME,0,1,1,-0.39139138089650244,1,1,1,2576.0,3810.0,-1234.0,-0.39139138089650244,68.6773,34.7785,c764b4988baf9cd56c72529d9c438cde2da16b0733c7bcdffa2280178c694c52
S05,REAL,101,5000,TIME,0,1,1,-0.4340384805522204,1,1,1,2576.0,3976.0,-1400.0,-0.4340384805522204,79.5021,37.3815,c764b4988baf9cd56c72529d9c438cde2da16b0733c7bcdffa2280178c694c52
S05,REAL,42,20000,TIME,0,1,1,-0.4657242996263613,1,1,1,2576.0,4104.0,-1528.0,-0.4657242996263613,72.0531,32.7031,c764b4988baf9cd56c72529d9c438cde2da16b0733c7bcdffa2280178c694c52
S05,REAL,73,20000,TIME,0,1,1,-0.39139138089650244,1,1,1,2576.0,3810.0,-1234.0,-0.39139138089650244,94.2265,37.4824,c764b4988baf9cd56c72529d9c438cde2da16b0733c7bcdffa2280178c694c52
S05,REAL,101,20000,TIME,0,1,1,-0.4340384805522204,1,1,1,2576.0,3976.0,-1400.0,-0.4340384805522204,70.9087,34.3311,c764b4988baf9cd56c72529d9c438cde2da16b0733c7bcdffa2280178c694c52
S06,REAL,42,5000,TIME,0,1,1,-0.9378878863454997,1,1,1,2620.0,6693.0,-4073.0,-0.9378878863454997,120.27,47.7157,95934cd1136a397696dfabc6d756446bd18dc4c19b4ab0b8af43eb4d6822c2a8
S06,REAL,73,5000,TIME,0,1,1,-0.909396794191463,1,1,1,2620.0,6505.0,-3885.0,-0.909396794191463,114.498,44.512,95934cd1136a397696dfabc6d756446bd18dc4c19b4ab0b8af43eb4d6822c2a8
S06,REAL,101,5000,TIME,0,1,1,-0.9424570170091829,1,1,1,2580.0,6621.0,-4041.0,-0.9424570170091829,120.7358,55.6181,95934cd1136a397696dfabc6d756446bd18dc4c19b4ab0b8af43eb4d6822c2a8
S06,REAL,42,20000,TIME,0,1,1,-0.9378878863454997,1,1,1,2620.0,6693.0,-4073.0,-0.9378878863454997,145.2827,68.4428,95934cd1136a397696dfabc6d756446bd18dc4c19b4ab0b8af43eb4d6822c2a8
S06,REAL,73,20000,TIME,0,1,1,-0.9247817130309426,1,1,1,2580.0,6505.0,-3925.0,-0.9247817130309426,154.176,48.9045,95934cd1136a397696dfabc6d756446bd18dc4c19b4ab0b8af43eb4d6822c2a8
S06,REAL,101,20000,TIME,0,1,1,-0.9424570170091829,1,1,1,2580.0,6621.0,-4041.0,-0.9424570170091829,109.0648,46.1236,95934cd1136a397696dfabc6d756446bd18dc4c19b4ab0b8af43eb4d6822c2a8
S07,REAL,42,5000,TIME,3,1,0,,0,0,0,,,,,,,260f41cc534c0c05d4bb6925261fa82b4939f02308d31097020e688ee407065b
S07,REAL,73,5000,TIME,3,1,0,,0,0,0,,,,,,,260f41cc534c0c05d4bb6925261fa82b4939f02308d31097020e688ee407065b
S07,REAL,101,5000,TIME,3,1,0,,0,0,0,,,,,,,260f41cc534c0c05d4bb6925261fa82b4939f02308d31097020e688ee407065b
S07,REAL,42,20000,TIME,3,1,0,,0,0,0,,,,,,,260f41cc534c0c05d4bb6925261fa82b4939f02308d31097020e688ee407065b
S07,REAL,73,20000,TIME,3,1,0,,0,0,0,,,,,,,260f41cc534c0c05d4bb6925261fa82b4939f02308d31097020e688ee407065b
S07,REAL,101,20000,TIME,3,1,0,,0,0,0,,,,,,,260f41cc534c0c05d4bb6925261fa82b4939f02308d31097020e688ee407065b
S08,REAL,42,5000,TIME,4,1,0,,0,0,0,,,,,,,238dac881133efff54f208694811037adb79dcab2b93aa59572fed5746054b7b
S08,REAL,73,5000,TIME,4,1,0,,0,0,0,,,,,,,238dac881133efff54f208694811037adb79dcab2b93aa59572fed5746054b7b
S08,REAL,101,5000,TIME,4,1,0,,0,0,0,,,,,,,238dac881133efff54f208694811037adb79dcab2b93aa59572fed5746054b7b
S08,REAL,42,20000,TIME,4,1,0,,0,0,0,,,,,,,238dac881133efff54f208694811037adb79dcab2b93aa59572fed5746054b7b
S08,REAL,73,20000,TIME,4,1,0,,0,0,0,,,,,,,238dac881133efff54f208694811037adb79dcab2b93aa59572fed5746054b7b
S08,REAL,101,20000,TIME,4,1,0,,0,0,0,,,,,,,238dac881133efff54f208694811037adb79dcab2b93aa59572fed5746054b7b
