instance_id,family,budget_ms,mode,paired_repetitions,grasp_success_rate,sa_success_rate,success_difference_grasp_minus_sa,joint_success_repetitions,mean_cost_difference_on_joint_success,mean_log_cost_ratio_on_joint_success,all_repetitions_jointly_feasible,grasp_mean_cost_on_joint_success,sa_mean_cost_on_joint_success,orders_provably_unservable,grasp_servable_success_rate,sa_servable_success_rate,mean_log_cost_ratio_on_joint_servable_success
E01,NORMAL,5000,TIME,5,1,1,0,5,-1049.2,-0.6481077111673681,1,1146.0,2195.2,0,1,1,-0.6481077111673681
E02,NORMAL,5000,TIME,5,1,1,0,5,-3133.6,-0.9143011831003702,1,2094.0,5227.6,0,1,1,-0.9143011831003702
E03,NORMAL,5000,TIME,5,1,1,0,5,-3141.8,-0.7332828463331016,1,2904.0,6045.8,0,1,1,-0.7332828463331016
E04,NORMAL,5000,TIME,5,1,1,0,5,-5702.2,-0.8585916437223781,1,4190.4,9892.6,0,1,1,-0.8585916437223781
E05,NORMAL,5000,TIME,5,1,1,0,5,-1616.6,-0.7348252059500062,1,1482.0,3098.6,0,1,1,-0.7348252059500062
E06,NORMAL,5000,TIME,5,1,1,0,5,-2006.2,-0.6834123405810296,1,2040.0,4046.2,0,1,1,-0.6834123405810296
E07,NORMAL,5000,TIME,5,1,1,0,5,-4165.6,-0.8583190488071301,1,3064.0,7229.6,0,1,1,-0.8583190488071301
E08,NORMAL,5000,TIME,5,1,1,0,5,-2706.2,-0.5172443566888614,1,3993.6,6699.8,0,1,1,-0.5172443566888614
E09,BLOCKED,5000,TIME,5,1,1,0,5,-1488.0,-0.8899822562333926,1,1032.0,2520.0,0,1,1,-0.8899822562333926
E10,BLOCKED,5000,TIME,5,1,1,0,5,-2264.8,-0.7748799002554596,1,1932.0,4196.8,0,1,1,-0.7748799002554596
E11,BLOCKED,5000,TIME,5,1,1,0,5,-3554.2,-0.8294443984791778,1,2748.0,6302.2,0,1,1,-0.8294443984791778
E12,BLOCKED,5000,TIME,5,1,1,0,5,-4005.6,-0.7252095392078383,1,3757.2,7762.8,0,1,1,-0.7252095392078383
E13,BLOCKED,5000,TIME,5,1,1,0,5,-1395.8,-0.8516592160282385,1,1032.0,2427.8,0,1,1,-0.8516592160282385
E14,BLOCKED,5000,TIME,5,1,1,0,5,-3071.8,-1.0524595078106473,1,1644.0,4715.8,0,1,1,-1.0524595078106473
E15,BLOCKED,5000,TIME,5,1,1,0,5,-3588.6,-0.7442744923339688,1,3244.8,6833.4,0,1,1,-0.7442744923339688
E16,BLOCKED,5000,TIME,5,1,1,0,5,-4877.0,-0.904966048149048,1,3313.6,8190.6,0,1,1,-0.904966048149048
E17,NORMAL,5000,TIME,5,1,1,0,5,-1714.6,-0.8936740503170133,1,1176.0,2890.6,0,1,1,-0.8936740503170133
E18,NORMAL,5000,TIME,5,1,1,0,5,-3261.8,-0.8857688245836859,1,2286.0,5547.8,0,1,1,-0.8857688245836859
E19,NORMAL,5000,TIME,5,1,1,0,5,-4379.2,-0.9596601978096407,1,2718.0,7097.2,0,1,1,-0.9596601978096407
E20,NORMAL,5000,TIME,5,1,1,0,5,-3469.4,-0.6209487910497054,1,4055.6,7525.0,0,1,1,-0.6209487910497054
E21,NORMAL,5000,TIME,5,1,1,0,5,-985.6,-0.7744184801132178,1,840.0,1825.6,0,1,1,-0.7744184801132178
E22,NORMAL,5000,TIME,5,1,1,0,5,-2494.6,-0.7711013656027141,1,2139.6,4634.2,0,1,1,-0.7711013656027141
E23,NORMAL,5000,TIME,5,1,1,0,5,-3752.8,-0.6917490133640651,1,3748.8,7501.6,0,1,1,-0.6917490133640651
E24,NORMAL,5000,TIME,5,1,1,0,5,-4050.2,-0.6788122221269841,1,4168.0,8218.2,0,1,1,-0.6788122221269841
E25,SPLIT,5000,TIME,5,1,1,0,5,-1789.2,-0.5801841232628663,1,2270.0,4059.2,0,1,1,-0.5801841232628663
E26,SPLIT,5000,TIME,5,1,1,0,5,-3117.0,-0.6923054636877826,1,3121.6,6238.6,0,1,1,-0.6923054636877826
E27,SPLIT,5000,TIME,5,1,1,0,5,-4567.6,-0.703289176433061,1,4474.8,9042.4,0,1,1,-0.703289176433061
E28,SPLIT,5000,TIME,5,1,1,0,5,-8937.4,-0.9725584744562592,1,5430.4,14367.8,0,1,1,-0.9725584744562592
E29,SPLIT,5000,TIME,5,1,1,0,5,-2247.6,-0.7999798894079566,1,1820.0,4067.6,0,1,1,-0.7999798894079566
E30,SPLIT,5000,TIME,5,1,1,0,5,-5308.2,-0.9663144777442194,1,3260.0,8568.2,0,1,1,-0.9663144777442194
E31,SPLIT,5000,TIME,5,1,1,0,5,-8571.2,-1.0659273466456602,1,4502.8,13074.0,0,1,1,-1.0659273466456602
E32,SPLIT,5000,TIME,5,1,1,0,5,-7542.0,-0.9218554764654749,1,4981.6,12523.6,0,1,1,-0.9218554764654749
E33,REAL,5000,TIME,5,1,1,0,5,-2049.6,-0.6470054319453801,1,2242.0,4291.6,0,1,1,-0.6470054319453801
E34,REAL,5000,TIME,5,1,1,0,5,-2407.0,-0.8582154377288865,1,1760.0,4167.0,0,1,1,-0.8582154377288865
E35,REAL,5000,TIME,5,1,1,0,5,-1377.6,-0.6940212389418571,1,1372.0,2749.6,0,1,1,-0.6940212389418571
E36,REAL,5000,TIME,5,1,1,0,5,-2408.4,-0.7980625416073822,1,1968.0,4376.4,0,1,1,-0.7980625416073822
E37,REAL,5000,TIME,5,1,1,0,5,-2555.2,-0.8494052880767734,1,1906.0,4461.2,0,1,1,-0.8494052880767734
E38,REAL,5000,TIME,5,1,1,0,5,-3103.6,-0.8310395629819897,1,2390.0,5493.6,0,1,1,-0.8310395629819897
E39,REAL,5000,TIME,5,1,1,0,5,-1977.0,-0.6070520719349316,1,2346.0,4323.0,0,1,1,-0.6070520719349316
E40,REAL,5000,TIME,5,1,1,0,5,-365.2,-0.22237589780604416,1,1404.0,1769.2,0,1,1,-0.22237589780604416
